-- phpMyAdmin SQL Dump
-- version 5.2.1
-- https://www.phpmyadmin.net/
--
-- Host: 127.0.0.1
-- Generation Time: May 08, 2024 at 02:19 AM
-- Server version: 10.4.28-MariaDB
-- PHP Version: 8.1.17

SET SQL_MODE = "NO_AUTO_VALUE_ON_ZERO";
START TRANSACTION;
SET time_zone = "+00:00";


/*!40101 SET @OLD_CHARACTER_SET_CLIENT=@@CHARACTER_SET_CLIENT */;
/*!40101 SET @OLD_CHARACTER_SET_RESULTS=@@CHARACTER_SET_RESULTS */;
/*!40101 SET @OLD_COLLATION_CONNECTION=@@COLLATION_CONNECTION */;
/*!40101 SET NAMES utf8mb4 */;

--
-- Database: `shop_db`
--

-- --------------------------------------------------------

--
-- Table structure for table `cart`
--

CREATE TABLE `cart` (
  `id` int(100) NOT NULL,
  `user_id` int(100) NOT NULL,
  `name` varchar(100) NOT NULL,
  `price` int(100) NOT NULL,
  `quantity` int(100) NOT NULL,
  `image` varchar(100) NOT NULL,
  `pid` int(100) NOT NULL
) ENGINE=InnoDB DEFAULT CHARSET=utf8mb4 COLLATE=utf8mb4_general_ci;

-- --------------------------------------------------------

--
-- Table structure for table `message`
--

CREATE TABLE `message` (
  `id` int(100) NOT NULL,
  `user_id` int(100) NOT NULL,
  `name` varchar(100) NOT NULL,
  `email` varchar(100) NOT NULL,
  `number` varchar(12) NOT NULL,
  `message` varchar(500) NOT NULL
) ENGINE=InnoDB DEFAULT CHARSET=utf8mb4 COLLATE=utf8mb4_general_ci;

--
-- Dumping data for table `message`
--

INSERT INTO `message` (`id`, `user_id`, `name`, `email`, `number`, `message`) VALUES
(1, 2, 'shaikh anas', 'shaikh@gmail.com', '0987654321', 'hi, how are you?'),
(10, 1, 'mohammed ', 'Asayel@1234', '11111', 'sdsadsad'),
(13, 14, 'shaikh anas', 'shaikh@gmail.com', '0987654321', 'hi, how are you?');

-- --------------------------------------------------------

--
-- Table structure for table `orders`
--

CREATE TABLE `orders` (
  `id` int(100) NOT NULL,
  `user_id` int(100) NOT NULL,
  `name` varchar(100) NOT NULL,
  `number` varchar(12) NOT NULL,
  `email` varchar(100) NOT NULL,
  `method` varchar(50) NOT NULL,
  `address` varchar(500) NOT NULL,
  `total_products` varchar(1000) NOT NULL,
  `total_price` int(100) NOT NULL,
  `placed_on` varchar(50) NOT NULL,
  `payment_status` varchar(20) NOT NULL DEFAULT 'pending'
) ENGINE=InnoDB DEFAULT CHARSET=utf8mb4 COLLATE=utf8mb4_general_ci;

--
-- Dumping data for table `orders`
--

INSERT INTO `orders` (`id`, `user_id`, `name`, `number`, `email`, `method`, `address`, `total_products`, `total_price`, `placed_on`, `payment_status`) VALUES
(1, 2, 'shaikh anas', '0987654321', 'shaikh@gmail.com', 'credit card', 'flat no. 321, jogeshwari, mumbai, india - 654321', ', cottage rose (3) , pink bouquet (1) , yellow queen rose (1) ', 80, '11-Mar-2022', 'completed'),
(2, 3, 'shaikh anas', '1234567899', 'shaikh@gmail.com', 'paypal', 'flat no. 321, jogeshwari, mumbai, india - 654321', ', yellow queen rose (1) , pink rose (2) ', 40, '11-Mar-2022', 'completed'),
(17, 14, 'shaikh anas', '0987654321', 'shaikh@gmail.com', 'credit card', 'flat no. 321, jogeshwari, mumbai, india - 654321', ', cottage rose (3) , pink bouquet (1) , yellow queen rose (1) ', 80, '11-Mar-2022', 'completed'),
(18, 14, 'shaikh anas', '1234567899', 'shaikh@gmail.com', 'paypal', 'flat no. 321, jogeshwari, mumbai, india - 654321', ', yellow queen rose (1) , pink rose (2) ', 40, '11-Mar-2022', 'completed'),
(19, 17, 'mohammed ', '966645752754', 'admin01@gmail.com', 'cash on delivery', 'flat no. zxczxc, 21212, zcx\\zxczxc, czxczxc - 524522', ', cottage roses (1) , red tulipa (1) ', 31, '08-May-2024', 'completed');

-- --------------------------------------------------------

--
-- Table structure for table `products`
--

CREATE TABLE `products` (
  `id` int(100) NOT NULL,
  `name` varchar(100) NOT NULL,
  `price` int(100) NOT NULL,
  `image` varchar(100) NOT NULL,
  `details` varchar(500) DEFAULT NULL
) ENGINE=InnoDB DEFAULT CHARSET=utf8mb4 COLLATE=utf8mb4_general_ci;

--
-- Dumping data for table `products`
--

INSERT INTO `products` (`id`, `name`, `price`, `image`, `details`) VALUES
(13, 'pink rose', 12, 'pink roses.jpg', 'Lorem ipsum dolor sit amet consectetur adipisicing elit. Eaque error earum quasi facere optio tenetur.'),
(15, 'cottage roses', 20, 'cottage rose.jpg', ''),
(16, 'lavendor rose', 13, 'lavendor rose.jpg', 'Lorem ipsum dolor sit, amet consectetur adipisicing elit. Rem, nobis tenetur voluptatibus officiis odit minus fugit dolore accusantium fuga ipsa!'),
(17, 'yellow tulipa', 14, 'yellow tulipa.jpg', 'Lorem ipsum dolor sit amet consectetur adipisicing elit. Eaque error earum quasi facere optio tenetur.'),
(18, 'red tulipa', 11, 'red tulipa.jpg', 'Lorem ipsum dolor sit, amet consectetur adipisicing elit. Rem, nobis tenetur voluptatibus officiis odit minus fugit dolore accusantium fuga ipsa!'),
(19, 'pink bouquet', 15, 'pink bouquet.jpg', 'Lorem ipsum dolor sit amet consectetur adipisicing elit. Eaque error earum quasi facere optio tenetur.'),
(20, 'pink queen rose', 24, 'pink queen rose.jpg', 'Lorem ipsum dolor sit amet consectetur adipisicing elit. Eaque error earum quasi facere optio tenetur.');

-- --------------------------------------------------------

--
-- Table structure for table `users`
--

CREATE TABLE `users` (
  `id` int(100) NOT NULL,
  `name` varchar(100) NOT NULL,
  `email` varchar(100) NOT NULL,
  `password` varchar(100) NOT NULL,
  `user_type` varchar(20) NOT NULL DEFAULT 'user'
) ENGINE=InnoDB DEFAULT CHARSET=utf8mb4 COLLATE=utf8mb4_general_ci;

--
-- Dumping data for table `users`
--

INSERT INTO `users` (`id`, `name`, `email`, `password`, `user_type`) VALUES
(1, 'mohammed ', 'Asayel@1234', 'admin', 'user'),
(2, 'admin A', 'admin01@gmail.com', 'admin', 'admin'),
(3, 'user A', 'user01@gmail.com', 'admin', 'user'),
(4, 'user B', 'user02@gmail.com', 'admin', 'user'),
(10, 'admin A', 'admin01@gmail.com', '698d51a19d8a121ce581499d7b701668', 'admin'),
(14, 'user A', 'user01@gmail.com', '698d51a19d8a121ce581499d7b701668', 'user'),
(15, 'user B', 'user02@gmail.com', '698d51a19d8a121ce581499d7b701668', 'user'),
(16, 'mohammed ', 'Asayel@123444', '81dc9bdb52d04dc20036dbd8313ed055', 'user'),
(17, 'mohammed ', 'Asayel@12345', '1234', 'user');

-- --------------------------------------------------------

--
-- Table structure for table `wishlist`
--

CREATE TABLE `wishlist` (
  `id` int(100) NOT NULL,
  `user_id` int(100) NOT NULL,
  `pid` int(100) NOT NULL,
  `name` varchar(100) NOT NULL,
  `price` int(100) NOT NULL,
  `image` varchar(100) NOT NULL
) ENGINE=InnoDB DEFAULT CHARSET=utf8mb4 COLLATE=utf8mb4_general_ci;

--
-- Dumping data for table `wishlist`
--

INSERT INTO `wishlist` (`id`, `user_id`, `pid`, `name`, `price`, `image`) VALUES
(60, 14, 19, 'pink bouquet', 15, 'pink bouquet.jpg'),
(0, 17, 16, 'lavendor rose', 13, 'lavendor rose.jpg');

--
-- Indexes for dumped tables
--

--
-- Indexes for table `cart`
--
ALTER TABLE `cart`
  ADD PRIMARY KEY (`id`);

--
-- Indexes for table `message`
--
ALTER TABLE `message`
  ADD PRIMARY KEY (`id`);

--
-- Indexes for table `orders`
--
ALTER TABLE `orders`
  ADD PRIMARY KEY (`id`);

--
-- Indexes for table `products`
--
ALTER TABLE `products`
  ADD PRIMARY KEY (`id`);

--
-- Indexes for table `users`
--
ALTER TABLE `users`
  ADD PRIMARY KEY (`id`);

--
-- AUTO_INCREMENT for dumped tables
--

--
-- AUTO_INCREMENT for table `cart`
--
ALTER TABLE `cart`
  MODIFY `id` int(100) NOT NULL AUTO_INCREMENT, AUTO_INCREMENT=59;

--
-- AUTO_INCREMENT for table `message`
--
ALTER TABLE `message`
  MODIFY `id` int(100) NOT NULL AUTO_INCREMENT, AUTO_INCREMENT=14;

--
-- AUTO_INCREMENT for table `orders`
--
ALTER TABLE `orders`
  MODIFY `id` int(100) NOT NULL AUTO_INCREMENT, AUTO_INCREMENT=20;

--
-- AUTO_INCREMENT for table `products`
--
ALTER TABLE `products`
  MODIFY `id` int(100) NOT NULL AUTO_INCREMENT, AUTO_INCREMENT=25;

--
-- AUTO_INCREMENT for table `users`
--
ALTER TABLE `users`
  MODIFY `id` int(100) NOT NULL AUTO_INCREMENT, AUTO_INCREMENT=18;
COMMIT;

/*!40101 SET CHARACTER_SET_CLIENT=@OLD_CHARACTER_SET_CLIENT */;
/*!40101 SET CHARACTER_SET_RESULTS=@OLD_CHARACTER_SET_RESULTS */;
/*!40101 SET COLLATION_CONNECTION=@OLD_COLLATION_CONNECTION */;
